City ID,City,Country,Lat,Lng,Temperature,Humidity,Clouds,Wind Speed
338345,Edd,ER,13.9297,41.6925,78.71,80,100,17.31
1224061,Wattegama,LK,6.7989,81.4808,77.0,100,40,1.14
780687,Berlevåg,NO,70.8578,29.0864,31.68,67,99,12.77
3874787,Punta Arenas,CL,-53.15,-70.9167,41.0,87,40,6.91
2155415,New Norfolk,AU,-42.7826,147.0587,61.65,59,0,6.91
6185377,Yellowknife,CA,62.456,-114.3525,33.33,51,20,9.22
556430,Imeni Zhelyabova,RU,58.9544,36.5956,31.51,85,67,3.4
2120591,Tilichiki,RU,60.4667,166.1,24.01,71,5,8.72
5919850,Chapais,CA,49.7834,-74.8492,37.4,70,90,12.66
7647007,Bariloche,AR,-41.1456,-71.3082,41.0,93,90,6.91
1835848,Seoul,KR,37.5683,126.9778,52.74,71,0,6.91
2074865,Carnarvon,AU,-24.8667,113.6333,68.0,64,100,8.05
3833367,Ushuaia,AR,-54.8,-68.3,37.4,81,75,5.75
6201424,Mataura,NZ,-46.1927,168.8643,59.0,72,62,5.99
1651810,Airai,TL,-8.9266,125.4092,68.34,55,85,3.71
5847411,Kahului,US,20.8947,-156.47,75.63,61,40,26.46
2019867,Mokhsogollokh,RU,61.4681,128.9203,39.7,81,100,5.14
2206939,Bluff,NZ,-46.6,168.3333,59.0,72,95,5.99
3466704,Castro,BR,-24.7911,-50.0119,55.09,96,12,5.48
2075265,Busselton,AU,-33.65,115.3333,55.99,91,9,3.02
5563839,Fortuna,US,40.5982,-124.1573,53.73,82,90,13.8
157429,Kilindoni,TZ,-7.9139,39.6668,80.4,79,37,12.86
2092164,Lorengau,PG,-2.0226,147.2712,83.28,73,53,2.3
4030556,Rikitea,PF,-23.1203,-134.9692,75.34,82,100,9.06
1735106,George Town,MY,5.4112,100.3354,78.84,89,20,1.14
2071860,Esperance,AU,-33.8667,121.9,55.4,71,0,16.11
3831208,Qaanaaq,GL,77.484,-69.3632,28.44,59,32,6.87
3533466,Acapetahua,MX,15.2833,-92.7,80.6,83,75,4.61
3838233,Salta,AR,-24.7859,-65.4117,59.58,82,0,2.3
3420846,Qaqortoq,GL,60.7167,-46.0333,44.6,24,20,37.98
3115824,Muros,ES,42.7762,-9.0603,41.23,89,6,6.6
3601402,Savannah Bight,HN,16.45,-85.85,83.32,74,20,9.22
962367,Richards Bay,ZA,-28.783,32.0377,61.16,88,36,5.46
1282256,Hithadhoo,MV,-0.6,73.0833,83.77,71,100,5.23
3351663,Benguela,AO,-12.5763,13.4055,78.69,86,91,3.91
2163355,Hobart,AU,-42.8794,147.3294,61.88,59,0,6.91
2270385,Camacha,PT,33.0833,-16.3333,59.0,67,20,3.44
3369157,Cape Town,ZA,-33.9258,18.4232,54.93,87,0,2.3
5122534,Jamestown,US,42.097,-79.2353,56.07,33,90,19.57
1648186,Bontang,ID,0.1333,117.5,81.12,78,100,2.53
3407762,Amapá,BR,1.0,-52.0,71.53,99,100,2.84
3429594,Reconquista,AR,-29.15,-59.65,65.66,70,1,8.37
1214488,Meulaboh,ID,4.1363,96.1285,79.29,85,96,2.91
2112309,Katsuura,JP,35.1333,140.3,67.51,49,20,17.27
1816265,Boshan,CN,36.4833,117.8333,54.81,27,4,6.73
4946620,Palmer,US,42.1584,-72.3287,49.41,26,40,10.36
1504382,Kargasok,RU,59.0556,80.8572,35.26,78,24,8.52
3868633,Vallenar,CL,-28.5708,-70.7581,60.04,65,37,1.39
2399001,Mayumba,GA,-3.432,10.6554,77.5,90,100,3.4
3466165,Cidreira,BR,-30.1811,-50.2056,69.12,80,0,16.42
5855927,Hilo,US,19.7297,-155.09,75.42,61,90,13.8
2171099,Codrington,AU,-38.2667,141.9667,65.52,63,97,12.8
5044290,Saint Anthony,US,45.0205,-93.218,85.08,18,1,6.91
5106841,Albany,US,42.6001,-73.9662,47.7,52,100,2.24
3500957,La Romana,DO,18.4273,-68.9728,78.8,83,20,9.93
1213855,Sibolga,ID,1.7427,98.7792,80.87,76,100,1.72
2110227,Butaritari,KI,3.0707,172.7902,83.12,73,100,9.91
2134814,Sola,VU,-13.8833,167.55,77.04,87,92,12.88
485660,Tsimmerbude,RU,54.675,20.1347,43.43,70,0,6.71
3628473,San Cristobal,VE,7.7669,-72.225,77.0,94,75,2.3
5848280,Kapaa,US,22.0752,-159.319,78.08,69,40,13.8
3405870,Belém,BR,-1.4558,-48.5044,77.0,94,75,4.61
3652764,Puerto Ayora,EC,-0.7393,-90.3518,75.99,91,13,1.99
1168412,Pano Aqil,PK,27.8569,69.1116,80.6,57,75,5.12
2082539,Merauke,ID,-8.4667,140.3333,84.36,67,98,12.12
142255,Bāfq,IR,31.6128,55.4107,70.97,45,100,4.83
2070998,Geraldton,AU,-28.7667,114.6,55.4,54,0,5.75
2477537,Tazmalt,DZ,36.3868,4.3989,57.63,85,100,3.44
2123979,Kuril'sk,RU,45.2333,147.8833,37.69,80,87,0.76
1701609,Cotcot,PH,16.8277,120.8398,71.1,56,9,0.2
2136825,Isangel,VU,-19.55,169.2667,80.6,78,90,9.22
5859699,College,US,64.8569,-147.8028,41.52,39,40,1.05
2121373,Seymchan,RU,62.8833,152.4333,33.93,91,99,0.63
1015776,Bredasdorp,ZA,-34.5322,20.0403,44.6,87,9,3.44
3366880,Hermanus,ZA,-34.4187,19.2345,61.0,69,69,8.01
964432,Port Alfred,ZA,-33.5906,26.891,60.26,58,0,4.36
1521351,Kazygurt,KZ,41.7589,69.3864,58.53,82,0,2.3
2022572,Khatanga,RU,71.9667,102.5,28.29,90,12,3.15
1490256,Talnakh,RU,69.4865,88.3972,19.11,97,95,0.67
5959803,Capreol,CA,46.706,-80.9225,41.56,60,40,10.36
3372964,Lagoa,PT,39.05,-27.9833,60.03,91,100,18.79
1714733,Dingle,PH,10.9995,122.6711,87.03,61,17,12.5
3374083,Bathsheba,BB,13.2167,-59.5167,78.8,65,20,12.66
2090021,Namatanai,PG,-3.6667,152.4333,86.07,65,24,1.16
964420,Port Elizabeth,ZA,-33.918,25.5701,51.8,76,0,5.75
2017155,Saskylakh,RU,71.9167,114.0833,33.21,97,100,2.21
3347762,Lubango,AO,-14.9172,13.4925,59.38,83,55,2.15
2121385,Severo-Kuril'sk,RU,50.6789,156.125,35.51,97,100,23.17
935215,Saint-Philippe,RE,-21.3585,55.7679,72.79,73,0,4.61
1053384,Toamasina,MG,-18.1667,49.3833,75.2,94,75,2.3
3883457,Lebu,CL,-37.6167,-73.65,55.72,95,100,14.07
1701054,Marawi,PH,7.9986,124.2928,82.99,77,6,1.01
1814093,Dali,CN,25.7,100.1833,65.71,58,9,4.21
777019,Vardø,NO,70.3705,31.1107,33.3,66,99,15.68
3579925,St. George's,GD,12.0564,-61.7485,78.8,83,20,14.97
5367788,Lompoc,US,34.6391,-120.4579,53.74,88,90,21.85
3445679,Uruguaiana,BR,-29.7547,-57.0883,68.0,73,0,4.61
2123814,Leningradskiy,RU,69.3833,178.4167,17.58,91,100,19.6
3016097,Gien,FR,47.6933,2.6309,37.71,82,43,3.98
1006984,East London,ZA,-33.0153,27.9116,60.21,68,0,6.11
1637001,Biak,ID,-0.9131,122.8766,81.19,72,100,3.69
57289,Hargeisa,SO,9.56,44.065,67.87,79,44,6.87
2512186,Puerto del Rosario,ES,28.5004,-13.8627,66.2,68,20,17.27
2185329,Otane,NZ,-39.8833,176.6333,59.27,51,5,4.0
5880054,Barrow,US,71.2906,-156.7887,21.2,86,90,10.36
2063042,Port Hedland,AU,-20.3167,118.5667,77.0,100,40,4.61
1507390,Dikson,RU,73.5069,80.5464,21.34,92,100,7.36
3471451,Arraial do Cabo,BR,-22.9661,-42.0278,73.06,68,100,11.18
2475612,Tolga,DZ,34.7222,5.3785,69.8,78,20,6.91
4032243,Vaini,TO,-21.2,-175.2,78.8,73,40,13.8
4614748,Collierville,US,35.042,-89.6645,74.62,46,40,5.75
6167817,Torbay,CA,47.6666,-52.7314,39.69,81,90,21.85
2138555,Poum,NC,-20.2333,164.0167,78.73,71,100,12.41
2222439,Rey Bouba,CM,8.6724,14.1786,84.34,44,100,2.75
1498087,Nadym,RU,65.5333,72.5167,31.48,97,100,22.39
2281120,Tabou,CI,4.423,-7.3528,79.23,84,100,5.93
3424607,Tasiilaq,GL,65.6145,-37.6368,24.8,93,8,3.31
2180815,Tuatapere,NZ,-46.1333,167.6833,59.0,72,15,5.99
3428068,San Vicente,AR,-26.6167,-54.1333,59.49,67,0,2.21
3418910,Upernavik,GL,72.7868,-56.1549,21.78,81,4,5.53
1736660,Kota Belud,MY,6.351,116.4305,83.3,79,20,2.3
2194098,Ahipara,NZ,-35.1667,173.1667,64.17,54,2,9.31
1526384,Boralday,KZ,43.3578,76.8594,42.8,93,40,4.47
3573374,The Valley,AI,18.217,-63.0578,78.26,78,20,9.22
6089245,Norman Wells,CA,65.282,-126.8329,48.2,34,40,12.66
2416061,Sanguéya,GN,10.7,-14.3667,76.17,80,89,4.61
3393471,Oriximiná,BR,-1.7656,-55.8661,74.91,94,100,4.21
5746545,Portland,US,45.5234,-122.6762,58.69,53,100,1.01
2757220,Den Helder,NL,52.9599,4.7593,41.67,81,75,6.91
3430863,Mar del Plata,AR,-38.0023,-57.5575,58.19,82,100,8.37
4033077,Vaitape,PF,-16.5167,-151.75,80.78,67,2,4.03
1508501,Chadan,RU,51.2833,91.5833,39.0,50,100,9.69
2643044,Margate,GB,51.3813,1.3862,44.58,75,9,1.01
2112802,Hasaki,JP,35.7333,140.8333,68.36,45,20,13.8
1863997,Fukuechō,JP,32.6881,128.8419,59.0,55,75,13.8
1218436,Saýat,TM,38.7839,63.8803,60.8,55,0,6.91
2016680,Shirokiy,RU,49.758,129.523,52.84,40,100,7.52
3386213,Touros,BR,-5.1989,-35.4608,75.2,94,20,3.44
6540127,Olbia,IT,40.9214,9.4856,59.0,72,0,14.97
3421193,Paamiut,GL,61.994,-49.6678,37.51,66,78,5.86
3466980,Caravelas,BR,-17.7125,-39.2481,73.09,75,99,6.33
3458134,Mairi,BR,-11.7114,-40.1489,67.89,88,100,7.78
4255151,Bud,US,39.447,-86.1758,70.38,40,1,10.36
2524881,Crotone,IT,39.0851,17.1178,62.64,83,100,0.96
5836068,Rawlins,US,41.7911,-107.2387,62.6,36,1,16.11
3836277,Santa Fe,AR,-31.6333,-60.7,69.82,66,0,1.99
2013216,Vysokogornyy,RU,50.1167,139.15,36.28,73,100,8.97
1490085,Tarko-Sale,RU,64.9225,77.785,28.0,90,100,11.52
4470244,Havelock,US,34.8791,-76.9013,59.32,62,0,1.01
3451138,Rio Grande,BR,-32.035,-52.0986,62.01,86,0,11.3
1486321,Yar-Sale,RU,66.8333,70.8333,29.44,96,100,20.56
3933659,Pacocha,PE,-17.5833,-71.3333,66.06,84,73,3.4
3146487,Raudeberg,NO,61.9875,5.1352,41.0,79,14,15.59
3421982,Maniitsoq,GL,65.4167,-52.9,35.01,70,2,5.37
3347853,Longonjo,AO,-12.9067,15.2533,62.2,93,100,0.13
546105,Nikolskoye,RU,59.7035,30.7861,36.1,75,0,3.0
2126682,Bilibino,RU,68.0546,166.4372,19.92,58,20,3.6
1263968,Manali,IN,13.1667,80.2667,82.99,83,40,4.25
2119283,Zyryanka,RU,65.75,150.85,33.6,81,66,4.43
239899,Bria,CF,6.5423,21.9863,71.44,75,97,4.21
4019233,Aguascalientes,MX,21.8833,-102.3,80.6,10,1,21.85
2022564,Khatassy,RU,61.9036,129.6383,46.4,46,0,6.71
5870133,Nome,US,64.5011,-165.4064,26.24,74,90,9.22
3557758,Guane,CU,22.2025,-84.0875,78.21,73,40,3.53
2027296,Aykhal,RU,66.0,111.5,32.94,100,100,3.62
2208248,Kaitangata,NZ,-46.2817,169.8464,61.0,54,15,15.01
4975966,Presque Isle,US,46.6811,-68.0159,43.14,31,1,9.22
5282297,Bethel,US,41.3712,-73.414,54.1,24,1,2.66
1649150,Bengkulu,ID,-3.8004,102.2655,79.11,79,62,3.98
3372707,Ribeira Grande,PT,38.5167,-28.7,60.64,95,100,15.03
6014443,Lac du Bonnet,CA,50.2536,-96.0612,52.36,59,0,9.1
3690572,Acandí,CO,8.5063,-77.2778,76.51,89,100,3.09
3389822,Salinópolis,BR,-0.6136,-47.3561,78.17,83,83,5.03
3443061,Chui,UY,-33.6971,-53.4616,61.41,90,0,6.42
4565090,Guánica,PR,17.9716,-66.908,72.64,89,72,4.74
2269594,Cascais,PT,38.6979,-9.4215,52.5,73,8,10.07
1495385,Pelym,RU,61.0108,61.9978,43.34,86,100,6.76
4020109,Atuona,PF,-9.8,-139.0333,79.61,68,9,6.93
100926,Umluj,SA,25.0213,37.2685,80.35,59,0,9.89
4414200,West Plains,US,36.7281,-91.8524,73.4,35,1,9.22
64814,Bandarbeyla,SO,9.4942,50.8122,83.07,74,28,7.27
216281,Goma,CD,-1.6792,29.2228,62.08,90,100,2.3
1259385,Port Blair,IN,11.6667,92.75,83.91,71,13,2.84
1235846,Matara,LK,5.9485,80.5353,77.72,88,79,2.84
5882953,Aklavik,CA,68.2191,-135.0107,27.45,68,100,4.61
934322,Mahébourg,MU,-20.4081,57.7,73.4,94,40,7.72
1255708,Sorbhog,IN,26.5,90.8667,79.81,43,2,3.02
2522437,Adeje,ES,28.1227,-16.726,60.98,59,40,11.5
1244926,Hambantota,LK,6.1241,81.1185,77.0,100,40,1.14
6058415,Logan Lake,CA,50.4998,-120.8025,52.77,54,75,4.61
4355274,Forestville,US,38.8451,-76.875,56.7,31,1,3.44
1277599,Balasore,IN,21.4942,86.9317,80.87,81,21,11.72
2012530,Zhigansk,RU,66.7697,123.3711,33.04,97,100,6.33
3837056,San Luis,AR,-33.295,-66.3356,58.75,61,4,5.7
1013076,Colesberg,ZA,-30.72,25.0972,49.46,58,0,4.94
6137462,Saint-Augustin,CA,51.226,-58.6502,36.7,93,100,10.16
4505215,Amberley,US,39.2048,-84.428,67.33,42,1,11.5
3517970,Pochutla,MX,15.7432,-96.4661,84.09,70,75,11.5
4034551,Faanui,PF,-16.4833,-151.75,80.78,67,2,3.83
2126710,Beringovskiy,RU,63.05,179.3167,21.65,77,99,13.06
2729907,Longyearbyen,SJ,78.2186,15.6401,17.6,67,20,9.22
479537,Uglerodovskiy,RU,48.147,40.0621,57.74,79,100,2.53
5364022,La Palma,US,33.8464,-118.0467,65.91,72,1,9.22
2749683,Oirschot,NL,51.505,5.3139,40.84,87,90,4.61
3408424,Ipixuna,BR,-1.7625,-48.8043,77.0,94,75,4.61
5364271,Laguna,US,38.421,-121.4238,76.05,41,1,16.11
5779548,Payson,US,40.0444,-111.7321,70.79,33,75,21.85
3412093,Vestmannaeyjar,IS,63.4427,-20.2734,39.16,66,40,12.48
584715,Xudat,AZ,41.631,48.681,57.38,95,100,4.32
1283285,Jumla,NP,29.2747,82.1838,52.39,73,20,2.64
1786867,Yashan,CN,22.1975,109.9419,78.33,84,100,4.25
3567834,Baracoa,CU,20.3467,-74.4958,76.06,87,48,4.27
2014078,Urusha,RU,54.05,122.9,48.47,48,98,5.03
6113406,Prince Rupert,CA,54.3161,-130.3201,48.33,87,90,5.75
3467609,Cananéia,BR,-25.0147,-47.9267,69.58,82,76,5.46
2025256,Chumikan,RU,54.7183,135.315,32.29,96,100,10.13
1805680,Jingdezhen,CN,29.2947,117.2079,78.96,68,4,4.85
6165406,Thompson,CA,55.7435,-97.8558,23.0,86,90,9.22
1525988,Ayagoz,KZ,47.9714,80.4392,39.33,37,0,13.96
482309,Tolstoy-Yurt,RU,43.4444,45.7722,55.4,88,0,6.71
53654,Mogadishu,SO,2.0371,45.3438,82.08,75,100,8.52
1486369,Yarkovo,RU,57.4028,67.0786,52.39,54,100,10.71
6111862,Port Hardy,CA,50.6996,-127.4199,50.41,66,40,12.66
1283217,Khanbari,NP,27.3747,87.2039,69.84,55,100,1.01
293842,Kiryat Gat,IL,31.61,34.7642,66.34,36,5,1.99
3416888,Grindavik,IS,63.8424,-22.4338,37.4,60,0,10.36
5866583,Saint Paul Harbor,US,57.79,-152.4072,46.4,61,90,12.66
2396518,Port-Gentil,GA,-0.7193,8.7815,80.6,94,40,3.44
1635283,Metro,ID,-5.1131,105.3067,80.58,81,65,2.39
2618795,Klaksvík,FO,62.2266,-6.589,35.6,80,90,1.14
5467024,Española,US,35.9911,-106.0806,76.39,11,1,13.8
2396853,Omboué,GA,-1.5746,9.2618,78.04,91,100,4.27
4726521,San Patricio,US,28.017,-97.5169,73.45,88,40,4.61
1501000,Kyshtovka,RU,56.555,76.6271,37.99,67,55,8.59
1862505,Hirara,JP,24.8,125.2833,76.68,88,40,12.66
153955,Micheweni,TZ,-4.9667,39.8333,78.46,86,58,10.02
4035715,Avarua,CK,-21.2078,-159.775,80.6,78,75,12.66
6067747,Matagami,CA,49.7502,-77.6328,35.6,93,90,9.22
3893629,Coquimbo,CL,-29.9533,-71.3436,57.2,94,0,3.02
5915327,Cap-aux-Meules,CA,47.3821,-61.8597,41.0,81,92,12.66
5520677,Eagle Pass,US,28.7091,-100.4995,75.2,64,40,5.75
4699066,Houston,US,29.7633,-95.3633,75.27,78,75,19.57
2450173,Taoudenni,ML,22.6783,-3.9836,81.12,46,97,17.0
3698304,Chimbote,PE,-9.0853,-78.5783,67.33,83,3,6.89
2036075,Lingyuan,CN,41.24,119.4011,55.36,24,7,2.93
556268,Ostrovnoy,RU,68.0531,39.5131,30.31,90,100,22.84
4362001,Mayo,US,38.8876,-76.5119,56.05,54,49,7.87
1794209,Simao,CN,22.7886,100.9748,67.6,81,80,2.46
3984997,San Quintín,MX,30.4833,-115.95,62.71,75,100,13.6
6096551,Pangnirtung,CA,66.1451,-65.7125,31.32,73,39,6.24
3894426,Coyhaique,CL,-45.5752,-72.0662,42.8,93,90,3.44
3464460,Itapora,BR,-22.0799,-54.7874,71.47,49,0,6.58
3713860,Boquete,PA,8.7833,-82.4333,64.0,98,99,1.19
486186,Suoyarvi,RU,62.0833,32.35,26.56,56,7,3.94
89113,Ajdabiya,LY,30.7554,20.2263,86.25,12,0,11.9
1640344,Kendari,ID,-3.945,122.4989,84.76,65,100,0.54
3985710,Cabo San Lucas,MX,22.8909,-109.9124,79.05,36,1,12.66
2015306,Tiksi,RU,71.6872,128.8694,24.53,95,100,4.74
6453331,Kristiansund,NO,63.1115,7.732,35.6,75,20,4.61
6255012,Flinders,AU,-34.5833,150.8552,69.01,77,100,1.99
1623197,Tual,ID,-5.6667,132.75,83.28,73,100,15.93
3421765,Nanortalik,GL,60.1432,-45.2371,35.65,69,94,14.88
2094342,Kavieng,PG,-2.5744,150.7967,84.33,68,23,4.36
6170031,Tuktoyaktuk,CA,69.4541,-133.0374,15.8,86,90,3.44
3449121,São Francisco de Paula,BR,-29.4481,-50.5836,61.0,81,0,1.01
3448903,São João da Barra,BR,-21.6403,-41.0511,71.53,75,100,10.0
1637510,Loa Janan,ID,-0.583,117.095,84.9,66,68,1.3
3527795,Escárcega,MX,18.6089,-90.7454,89.06,39,100,5.66
4004293,Ixtapa,MX,20.7,-105.2,79.79,57,1,14.97
2264557,Ponta do Sol,PT,32.6667,-17.1,51.98,65,100,3.0
1106677,Bambous Virieux,MU,-20.3428,57.7575,74.16,94,40,7.47
3394500,Morada Nova,BR,-5.1067,-38.3725,73.85,85,83,3.31
5354943,Half Moon Bay,US,37.4636,-122.4286,55.36,82,90,21.85
515246,Onega,RU,63.9061,38.1404,27.37,88,8,7.54
64013,Bosaso,SO,11.2842,49.1816,83.75,65,100,3.85
371745,Kutum,SD,14.2,24.6667,76.42,17,30,11.16
6944110,Les Escoumins,CA,48.1111,-69.0236,43.43,61,6,16.11
3394372,Morros,BR,-9.4467,-46.3003,73.94,71,100,3.51
934649,Cap Malheureux,MU,-19.9842,57.6142,75.0,90,10,4.0
4031637,Lavrentiya,RU,65.5833,-171.0,23.59,72,66,3.02
5058868,Devils Lake,US,48.1128,-98.8651,72.68,25,90,21.85
3450083,Santa Maria,BR,-29.6842,-53.8069,60.8,94,0,2.3
1787858,Shangrao,CN,28.4532,117.9686,77.81,67,1,5.99
2514301,Mahon,ES,39.8885,4.2658,53.6,94,0,5.75
2077895,Alice Springs,AU,-23.7,133.8833,75.2,31,30,6.91
3835869,Santiago del Estero,AR,-27.7951,-64.2615,69.62,59,11,7.05
1512019,Aksarka,RU,66.5606,67.7975,32.29,98,100,14.09
994939,Ilinge,ZA,-31.9768,27.0427,44.38,85,0,1.9
5130076,Oswego,US,43.4501,-76.1497,49.1,37,90,3.44
3402648,Carutapera,BR,-1.195,-46.02,74.43,91,39,2.98
2152659,Port Macquarie,AU,-31.4333,152.9167,65.5,92,100,3.6
3577430,Road Town,VG,18.4167,-64.6167,78.93,78,20,11.5
3374333,Praia,CV,14.9215,-23.5087,71.6,73,40,21.85
3372472,Vila Franca do Campo,PT,37.7167,-25.4333,60.8,94,75,14.97
1489853,Tazovsky,RU,67.4667,78.7,29.01,91,100,6.87
2127202,Anadyr,RU,64.75,177.4833,15.35,79,75,6.71
104515,Makkah al Mukarramah,SA,21.4267,39.8261,81.77,50,100,3.22
7671223,Kloulklubed,PW,7.0419,134.2556,82.4,89,90,9.22
4328010,Houma,US,29.5958,-90.7195,74.35,73,1,6.91
4068590,Huntsville,US,34.7304,-86.5861,68.31,35,1,3.44
2126123,Chokurdakh,RU,70.6333,147.9167,22.84,84,7,4.29
2629833,Husavik,IS,66.0449,-17.3389,32.0,86,90,2.3
5110365,Broome,US,42.2506,-75.833,47.1,28,1,3.44
1492637,Severka,RU,56.8688,60.3015,51.8,46,0,8.95
3111107,Salamanca,ES,40.8333,-6.0,42.93,81,0,9.22
3470137,Belmonte,BR,-15.8631,-38.8828,69.8,88,75,4.61
5711847,Astoria,US,46.1879,-123.8313,53.22,66,90,9.22
2961459,Skibbereen,IE,51.55,-9.2667,42.8,81,0,5.75
5969025,Haines Junction,CA,60.7522,-137.5108,48.2,37,98,9.22
3936456,Lima,PE,-12.0432,-77.0282,64.81,88,0,6.91
1273109,Devarkonda,IN,16.7,78.9333,77.77,69,10,5.68
3408368,Acaraú,BR,-2.8856,-40.12,77.14,83,95,3.71
4513583,Hamilton,US,39.1834,-84.5333,67.35,42,1,11.5
1254709,Tezu,IN,27.9167,96.1667,71.92,87,100,3.36
5983720,Iqaluit,CA,63.7506,-68.5145,37.2,75,75,18.41
544084,Koslan,RU,63.4564,48.8989,27.84,82,100,11.5
6148373,Sioux Lookout,CA,50.1001,-91.917,68.0,32,75,8.05
2016307,Solnechnyy,RU,50.7214,136.6319,36.99,78,100,10.38
3439395,Arroyos y Esteros,PY,-25.0667,-57.1,71.6,73,0,5.48
2017042,Selikhino,RU,50.3672,137.4996,37.31,93,100,11.83
3622716,Nicoya,CR,10.1483,-85.452,82.4,65,75,4.61
1726449,Basco,PH,20.4487,121.9702,80.2,79,92,10.45
4218882,Rincon,US,32.296,-81.2354,67.28,64,20,8.05
1687186,Sarangani,PH,5.4033,125.4636,83.32,73,21,18.77
2138285,Tadine,NC,-21.55,167.8833,76.98,71,97,23.15
3985797,San Julián,MX,21.0167,-102.1667,86.0,50,32,15.37
778707,Mehamn,NO,71.0357,27.8492,30.02,72,94,12.97
3359638,Walvis Bay,NA,-22.9575,14.5053,59.0,67,7,2.3
287832,Ibrā’,OM,22.6906,58.5334,73.56,61,0,2.35
1116760,Don Sak,TH,9.3168,99.6918,82.24,100,20,6.11
156493,Kongwa,TZ,-6.2,36.4167,64.02,97,100,2.84
3843123,Neuquén,AR,-38.9516,-68.0591,57.2,72,90,6.91
292672,Sharjah city,AE,25.3573,55.4033,79.81,73,0,4.61
1337619,Ugoofaaru,MV,5.6667,73.0,83.61,71,57,4.63
2214432,Nālūt,LY,30.3333,10.85,76.19,31,100,16.15
2412408,Nioro,GM,13.35,-15.75,79.16,33,2,10.07
3899695,Ancud,CL,-41.8697,-73.8203,48.56,82,0,9.22
3393536,Olinda,BR,-8.0089,-34.8553,73.4,83,40,4.61
632370,Varkaus,FI,62.3153,27.873,29.84,80,0,2.3
2129766,Kamiiso,JP,41.8167,140.65,46.4,71,75,8.05
286621,Salalah,OM,17.0151,54.0924,84.2,79,0,3.44
1819729,Hong Kong,HK,22.2855,114.1577,77.25,89,82,1.01
2123100,Myaundzha,RU,63.0494,147.1858,32.41,95,100,3.29
3839307,Rawson,AR,-43.3002,-65.1023,60.28,55,100,10.29
589663,Paldiski,EE,59.3567,24.0531,33.75,60,0,12.66
359792,Aswān,EG,24.0934,32.907,83.16,15,0,10.25
2156643,Mount Gambier,AU,-37.8333,140.7667,64.4,72,40,14.97
5557293,Sitka,US,57.0531,-135.33,46.4,71,40,9.22
1263752,Māngrol,IN,21.1167,70.1167,82.31,68,100,8.79
1160939,Iranshahr,IR,27.2025,60.6848,69.8,83,75,4.61
2094027,Kieta,PG,-6.2167,155.6333,85.51,68,100,3.13
1861280,Itoman,JP,26.1247,127.6694,74.05,60,0,10.36
2294915,Takoradze,GH,4.8845,-1.7554,80.73,82,100,6.04
3456137,Nova Olímpia,BR,-14.7972,-57.2881,76.93,73,99,2.35
373303,Juba,SS,4.8517,31.5825,71.83,86,84,2.95
2381334,Atar,MR,20.5169,-13.0499,81.82,19,8,4.88
1791779,Wanning,CN,18.8003,110.3967,82.98,74,99,6.98
6324729,Halifax,CA,44.6453,-63.5724,46.63,61,9,3.44
4944903,Nantucket,US,41.2835,-70.0995,50.97,71,1,9.22
2112444,Kamaishi,JP,39.2667,141.8833,44.6,100,75,12.66
4989266,Coldwater,US,41.9403,-85.0005,67.5,45,1,16.11
3401148,Cururupu,BR,-1.8283,-44.8683,72.81,95,85,1.7
3421719,Narsaq,GL,60.9167,-46.05,44.6,24,20,37.98
6137689,Saint-Donat-de-Montcalm,CA,46.3187,-74.2219,46.4,49,100,4.61
3440777,Rocha,UY,-34.4833,-54.3333,58.8,92,0,5.32
4708308,Lufkin,US,31.3382,-94.7291,69.87,94,90,9.22
1855540,Naze,JP,28.3667,129.4833,69.8,56,75,5.75
2168305,Dubbo,AU,-32.25,148.6167,64.4,68,90,8.05
1785036,Zhangye,CN,38.9342,100.4517,63.55,31,100,9.6
1790371,Xiantao,CN,30.3833,113.4,78.35,63,79,10.58
5024719,Duluth,US,46.7833,-92.1066,68.23,58,1,11.5
3438102,Fuerte Olimpo,PY,-21.0415,-57.8738,73.47,50,0,5.28
102527,Sakakah,SA,29.9697,40.2064,73.4,16,0,8.05
80509,Al Bardīyah,LY,31.7561,25.0865,79.36,26,5,5.91
2991771,Arrondissement de Morlaix,FR,48.5833,-4.0,38.57,75,75,5.75
5861897,Fairbanks,US,64.8378,-147.7164,41.68,39,40,1.14
2098329,Daru,PG,-9.0763,143.2092,81.7,79,6,13.0
5855051,‘Ewa Beach,US,21.3156,-158.0072,82.06,48,40,19.57
1787746,Yancheng,CN,33.3856,120.1253,59.38,41,0,13.15
5554072,Juneau,US,58.3019,-134.4197,46.38,50,75,3.44
3347019,Mossamedes,AO,-15.1961,12.1522,76.5,78,1,4.43
1153464,Dok Kham Tai,TH,19.1624,99.9934,82.0,67,25,1.59
524243,Murygino,RU,58.7383,49.4582,32.9,90,7,4.43
1258698,Rameswaram,IN,9.2833,79.3,84.06,71,10,3.0
3924895,Plácido de Castro,BR,-10.3353,-67.1856,77.58,75,100,2.08
1637001,Luwuk,ID,-0.9516,122.7875,84.06,70,100,3.71
1788450,Xinzhou,CN,38.4092,112.7333,55.38,18,100,2.84
3573650,Tabaquite,TT,10.3833,-61.3,78.94,78,20,3.83
686090,Asău,RO,46.4333,26.4,59.0,54,100,3.74
2128975,Nemuro,JP,43.3236,145.575,42.8,65,75,11.5
6180550,Whitehorse,CA,60.7161,-135.0538,44.22,49,90,3.76
3648546,Barinas,VE,8.6226,-70.2075,80.6,83,69,1.14
735418,Limenaria,GR,40.6261,24.5786,60.71,88,100,1.01
5546220,Saint George,US,37.1041,-113.5841,88.74,7,1,23.02
1805857,Jieshi,CN,22.8134,115.8257,77.88,72,100,3.0
3653967,Muisne,EC,0.6,-80.0333,76.06,87,100,9.62
6065262,Maniwaki,CA,46.3834,-75.966,41.0,65,100,12.66
2109528,Buala,SB,-8.145,159.5921,84.06,71,100,1.99
212902,Kindu,CD,-2.95,25.95,69.19,99,100,1.79
2255542,Owando,CG,-0.4819,15.8999,70.21,98,96,1.59
3616594,San Rafael del Sur,NI,11.8485,-86.4384,89.6,48,40,9.22
4013679,Coahuayana Viejo,MX,18.7333,-103.6833,80.6,50,1,11.5
2036933,Helong,CN,42.5397,128.9972,56.86,32,92,6.93
3465329,Coruripe,BR,-10.1256,-36.1756,76.68,86,100,13.02
533964,Loukhi,RU,66.0764,33.0381,25.95,95,43,6.58
1489656,Teya,RU,60.3778,92.6267,34.18,94,100,7.63
543728,Kotelnikowo,RU,47.6317,43.1461,54.16,88,6,6.55
496307,Severnyy-Kospashskiy,RU,59.0925,57.8008,41.0,97,100,5.53
5849996,Lahaina,US,20.8783,-156.6825,76.23,61,40,26.46
1516048,Khovd,MN,48.0056,91.6419,42.15,23,13,11.03
1732945,Cukai,MY,4.25,103.4167,78.4,94,20,3.44
3407194,Areia Branca,BR,-4.9561,-37.1369,79.93,70,100,13.44
932987,Tsabong,BW,-26.0217,22.401,56.97,50,0,8.39
4031574,Provideniya,RU,64.3833,-173.3,27.1,54,98,5.12
1513491,Yangi Marg`ilon,UZ,40.4272,71.7189,59.0,82,64,2.3
1268820,Jorhāt,IN,26.75,94.2167,80.44,51,8,5.46
1794971,Shitanjing,CN,39.2342,106.3439,65.73,25,85,9.26
3405061,Boqueirão,BR,-7.5,-36.1333,73.4,83,20,8.05
4031742,Egvekinot,RU,66.3167,-179.1667,19.4,68,100,3.89
2122614,Okha,RU,53.5739,142.9478,32.43,86,100,13.56
551439,Kazanskaya,RU,45.4106,40.4361,57.0,88,5,3.36
2206874,Waipawa,NZ,-41.4122,175.5153,58.73,67,0,10.36
2032614,Baruun-Urt,MN,46.6806,113.2792,50.52,17,100,22.35
2063036,Port Lincoln,AU,-34.7333,135.8667,62.33,68,100,12.15
2014836,Tupik,RU,54.4253,119.9327,41.29,87,100,4.81
3430443,Necochea,AR,-38.5473,-58.7368,55.99,80,94,5.99
5866063,Kenai,US,60.5544,-151.2583,50.72,34,1,12.66
5850554,Makakilo City,US,21.3469,-158.0858,81.88,54,75,14.97
1220888,Obigarm,TJ,38.7173,69.7088,55.31,77,61,6.33
3520994,Puerto Escondido,MX,15.85,-97.0667,82.4,69,75,8.84
1489822,Tegul'det,RU,57.3064,88.1667,36.54,83,98,8.97
2630299,Hofn,IS,64.2539,-15.2082,35.82,69,100,14.47
2172880,Byron Bay,AU,-28.65,153.6167,69.4,60,40,13.8
4032369,Pangai,TO,-19.8,-174.35,80.6,74,75,13.8
5853992,Wahiawā,US,21.5028,-158.0236,80.51,54,75,14.97
2160735,Lakes Entrance,AU,-37.8811,147.981,68.0,61,100,1.01
2234663,Batouri,CM,4.4333,14.3667,66.96,96,99,1.74
3625710,Upata,VE,8.0086,-62.3989,73.92,86,100,4.74
5554428,Ketchikan,US,55.3422,-131.6461,46.04,90,89,3.0
2126199,Cherskiy,RU,68.75,161.3,20.86,75,17,1.68
2033536,Yakeshi,CN,49.2833,120.7333,49.26,40,100,12.21
3423146,Ilulissat,GL,69.2167,-51.1,42.8,49,1,11.5
477579,Uyemskiy,RU,64.4743,40.8524,26.6,93,75,6.71
3924908,Pimenta Bueno,BR,-11.6725,-61.1936,73.47,92,65,1.45
2122090,Pevek,RU,69.7008,170.3133,15.4,84,98,9.15
1734098,Keningau,MY,5.3378,116.1602,82.98,79,20,2.3
2449066,Tombouctou,ML,20.0,-3.0,85.75,33,8,7.92
5106529,Woodbridge,US,40.5576,-74.2846,59.02,22,1,7.23
562389,Frolovo,RU,49.7713,43.6622,46.0,93,26,1.99
3461370,Imbituba,BR,-28.24,-48.6703,66.2,82,75,10.71
5229794,Mitchell,US,43.7094,-98.0298,84.2,18,1,12.66
1606343,Seka,TH,17.9285,103.9552,86.0,63,17,0.96
5992154,Kindersley,CA,51.4668,-109.1682,60.8,29,20,19.57
986717,Kruisfontein,ZA,-34.0033,24.7314,53.04,72,0,4.25
1847947,Shingū,JP,33.7333,135.9833,59.0,55,75,12.66
1735634,Kuching,MY,1.55,110.3333,77.0,100,20,1.9
3836669,San Rafael,AR,-34.6177,-68.3301,60.35,49,18,9.82
2015179,Tommot,RU,58.9564,126.2925,42.49,84,83,3.15
1222396,Kuah,MY,6.3265,99.8432,80.31,94,20,7.23
1272140,Dwārka,IN,22.2394,68.9678,81.37,75,26,7.36
3088461,Police,PL,53.5521,14.5718,43.32,76,75,2.3
2018735,Nyurba,RU,63.2842,118.3319,33.98,99,100,3.51
2122605,Okhotsk,RU,59.3833,143.3,36.64,76,44,2.46
543939,Kostino,RU,58.9097,53.2691,33.57,94,8,4.59
2304548,Anloga,GH,5.7947,0.8973,84.2,84,75,9.22
2537881,Safi,MA,32.2994,-9.2372,59.74,69,0,15.1
4884192,Batavia,US,41.85,-88.3126,80.08,29,1,23.02
1529651,Altay,CN,47.8667,88.1167,35.2,50,15,12.01
1498314,Motygino,RU,58.1831,94.7592,38.77,90,100,5.7
2650833,Dufftown,GB,57.4333,-3.1333,40.32,81,75,2.3
3430708,Mercedes,AR,-34.6515,-59.4307,62.67,79,0,4.0
1061335,Mananjary,MG,-21.2167,48.3333,72.86,95,33,5.91
504831,Proletarsk,RU,46.7031,41.7192,52.99,88,4,2.59
3932145,Pisco,PE,-13.7,-76.2167,67.73,78,0,4.61
1817240,Baiyin,CN,36.5583,104.2081,59.0,38,0,4.47
1806840,Huilong,CN,31.8111,121.655,66.24,57,0,7.0
3860259,Córdoba,AR,-31.4135,-64.1811,62.26,67,0,10.36
3665016,Benjamin Constant,BR,-4.3831,-70.0311,78.8,94,40,4.61
2139521,Noumea,NC,-22.2763,166.4572,79.61,61,75,3.44
5520076,Del Rio,US,29.3627,-100.8968,69.21,68,90,8.05
1271113,Godda,IN,24.8333,87.2167,83.5,61,3,10.16
4281730,Wichita,US,37.6922,-97.3375,69.78,73,75,19.57
233508,Entebbe,UG,0.0644,32.4469,71.6,88,20,5.75
1688696,San Policarpo,PH,12.1791,125.5072,81.7,84,74,9.8
1855342,Nishihara,JP,26.1842,127.7558,74.68,57,0,8.05
1633419,Padang,ID,-0.9492,100.3543,77.0,94,20,2.3
1242110,Kalmunai,LK,7.4167,81.8167,79.5,83,71,5.73
5392967,Santa Barbara,US,34.7333,-120.0343,66.79,59,1,11.5
1262062,Naliya,IN,23.2667,68.8333,80.6,72,85,7.25
1707076,Lawigan,PH,10.487,122.0354,88.63,53,33,11.01
3992842,Petatlán,MX,17.5167,-101.2667,80.01,70,100,4.79
2360372,Gorom-Gorom,BF,14.4439,-0.2361,89.53,15,5,7.25
933759,Ghanzi,BW,-21.5667,21.7833,56.97,32,0,8.46
536156,Leninsk,RU,48.7119,45.1994,53.33,87,0,6.71
4696233,Harlingen,US,26.1906,-97.6961,75.7,88,90,4.61
155285,Mahanje,TZ,-9.9333,35.3333,62.89,97,100,0.58
2022083,Kirensk,RU,57.7853,108.1119,42.39,81,98,1.79
1264976,Leh,IN,34.1667,77.5833,37.8,47,75,0.58
893485,Chiredzi,ZW,-21.05,31.6667,63.81,72,100,8.57
1496100,Ordynskoye,RU,54.3656,81.8994,37.71,80,7,8.12
4036284,Alofi,NU,-19.0595,-169.9187,84.2,79,7,8.05
2980080,Saint-François,FR,46.4154,3.9054,46.67,87,90,5.75
5392171,San Jose,US,37.3394,-121.895,66.74,59,20,16.11
2641434,Northam,GB,51.0333,-4.2167,38.48,86,9,5.32
1254046,Tura,IN,25.5198,90.2201,76.82,63,5,5.68
3855065,General Roca,AR,-39.0333,-67.5833,57.2,72,90,6.91
3361934,Saldanha,ZA,-33.0117,17.9442,55.4,67,0,1.14
4951594,Southbridge,US,42.0751,-72.0334,48.4,44,91,4.09
4771808,Martinsville,US,36.6915,-79.8725,58.24,41,1,4.81
587033,Basqal,AZ,40.7552,48.391,57.2,94,90,4.61
1651461,Amuntai,ID,-2.4177,115.2494,83.86,63,18,1.14
3105522,Bereda,ES,43.2686,-7.5406,33.01,100,10,1.01
6111867,Port Hawkesbury,CA,45.6169,-61.3485,39.74,87,90,5.75
4033557,Tautira,PF,-17.7333,-149.15,87.8,58,20,6.91
4155751,Florida,US,28.7505,-82.5001,73.31,60,1,6.67
1805733,Jinchang,CN,38.4953,102.1739,68.31,17,100,17.49
3691954,Sechura,PE,-5.5569,-80.8222,73.27,67,11,15.55
6301965,Howard Springs,AU,-12.497,131.047,84.06,51,20,12.66
2033574,Zhangjiakou Shi Xuanhua Qu,CN,40.6103,115.0447,52.56,17,8,8.59
3867427,Mayor Pablo Lagerenza,PY,-19.9309,-60.7718,74.01,61,0,5.82
2176639,Batemans Bay,AU,-35.7167,150.1833,69.67,68,100,4.74
934479,Grand Gaube,MU,-20.0064,57.6608,75.0,90,26,5.01
3441890,Departamento de Maldonado,UY,-34.6667,-54.9167,63.34,88,0,5.75
172515,Abu Samrah,SY,35.3029,37.1841,67.19,42,73,7.56
1803841,Lianzhou,CN,24.7811,112.3825,78.91,79,100,1.5
5423294,Golden,US,39.7555,-105.2211,80.6,13,75,8.05
2012956,Yerbogachën,RU,61.2767,108.0108,39.67,82,25,5.39
6355222,Yulara,AU,-25.2406,130.9889,71.6,35,17,9.22
2654710,Brighton,GB,50.8284,-0.1395,40.55,83,9,1.01
2283016,Odienné,CI,9.51,-7.5692,78.37,70,89,3.42
964712,Plettenberg Bay,ZA,-34.0527,23.3716,58.08,63,0,2.86
5563397,Eureka,US,40.8021,-124.1637,54.99,74,74,8.99
1794903,Shiyan,CN,32.6475,110.7781,65.01,55,100,14.58
552256,Karpogory,RU,64.0019,44.4451,26.56,75,18,10.02
3039162,Sant Julià de Loria,AD,42.4625,1.4825,33.58,78,76,1.99
4146901,Bayonet Point,US,28.3267,-82.6834,77.0,59,32,1.01
286245,Sur,OM,22.5667,59.5289,82.92,54,98,11.9
566165,Diveyevo,RU,55.0433,43.2418,37.24,85,22,4.29
64435,Berbera,SO,10.4396,45.0143,84.88,70,100,8.81
1608451,Nan,TH,18.8333,100.6667,75.2,100,75,0.67
2449893,Tessalit,ML,20.1986,1.0114,85.75,26,0,9.53
3520406,La Reforma,MX,18.1,-91.0167,91.47,38,99,10.85
3082756,Ustka,PL,54.5805,16.8619,39.11,78,100,10.33
1267433,Kattivākkam,IN,13.2167,80.3167,82.9,83,40,5.97
779622,Havøysund,NO,70.9963,24.6622,26.6,86,90,10.54
610298,Beyneu,KZ,45.3167,55.2,57.85,32,65,10.16
3437748,Mbutuý,PY,-24.9667,-56.3,67.44,58,0,5.19
4047434,Russell,US,32.3502,-85.1999,71.35,56,1,4.09
1257629,Salem,IN,11.65,78.1667,78.6,81,35,2.26
2298330,Medina Estates,GH,5.6823,-0.1641,84.2,84,20,11.5
3447928,Seabra,BR,-12.4186,-41.7703,68.0,94,90,3.44
2159220,Mackay,AU,-21.15,149.2,75.9,73,75,14.97
2189343,Kaeo,NZ,-35.1,173.7833,68.0,56,0,5.99
515805,Oktyabr'skoye,RU,43.0645,44.7417,53.6,100,100,6.71
